[[{"macAddress":"3C:71:BF:9A:49:F0","productionDate":"2020-01-08T02:22:39.498Z","certificateInfo":null,"HPI":"2020-01-08:SBO2_3d3e2002_ANDTTD4"}],[{"macAddress":"3C:71:BF:9A:48:94","productionDate":"2020-01-08T02:22:38.216Z","certificateInfo":null,"HPI":"2020-01-08:SBO2_3d3e2002_ANDTTD4"}],[{"macAddress":"3C:71:BF:9A:49:E8","productionDate":"2020-01-08T05:02:54.442Z","certificateInfo":null,"HPI":"2020-01-08:SBO2_3d3e2002_A358R6P"}],[{"macAddress":"3C:71:BF:9A:49:80","productionDate":"2020-01-08T04:48:30.834Z","certificateInfo":null,"HPI":"2020-01-08:SBO2_3d3e2002_A358R6P"}],[{"macAddress":"3C:71:BF:9A:48:50","productionDate":"2020-01-08T08:43:16.075Z","certificateInfo":null,"HPI":"2020-01-08:SBO2_3d3e2002_AHC53D5"},{"macAddress":"3C:71:BF:9A:2E:70","productionDate":"2020-01-08T08:43:16.531Z","certificateInfo":null,"HPI":"2020-01-08:SBO2_3d3e2002_AHC53D5"},{"macAddress":"3C:71:BF:9A:4E:E4","productionDate":"2020-01-08T08:43:17.548Z","certificateInfo":null,"HPI":"2020-01-08:SBO2_3d3e2002_AHC53D5"},{"macAddress":"3C:71:BF:9A:3B:40","productionDate":"2020-01-08T08:43:20.241Z","certificateInfo":null,"HPI":"2020-01-08:SBO2_3d3e2002_AHC53D5"},{"macAddress":"3C:71:BF:9A:2E:0C","productionDate":"2020-01-08T08:43:20.995Z","certificateInfo":null,"HPI":"2020-01-08:SBO2_3d3e2002_AHC53D5"}],[{"macAddress":"3C:71:BF:9A:3E:00","productionDate":"2020-01-08T08:43:12.020Z","certificateInfo":null,"HPI":"2020-01-08:SBO2_3d3e2002_AHC53D5"},{"macAddress":"3C:71:BF:9A:2E:70","productionDate":"2020-01-08T08:43:16.531Z","certificateInfo":null,"HPI":"2020-01-08:SBO2_3d3e2002_AHC53D5"},{"macAddress":"3C:71:BF:9A:4E:E4","productionDate":"2020-01-08T08:43:17.548Z","certificateInfo":null,"HPI":"2020-01-08:SBO2_3d3e2002_AHC53D5"},{"macAddress":"3C:71:BF:9A:3B:40","productionDate":"2020-01-08T08:43:20.241Z","certificateInfo":null,"HPI":"2020-01-08:SBO2_3d3e2002_AHC53D5"},{"macAddress":"3C:71:BF:9A:2E:0C","productionDate":"2020-01-08T08:43:20.995Z","certificateInfo":null,"HPI":"2020-01-08:SBO2_3d3e2002_AHC53D5"}],[{"macAddress":"3C:71:BF:9A:3E:00","productionDate":"2020-01-08T08:43:12.020Z","certificateInfo":null,"HPI":"2020-01-08:SBO2_3d3e2002_AHC53D5"},{"macAddress":"3C:71:BF:9A:48:50","productionDate":"2020-01-08T08:43:16.075Z","certificateInfo":null,"HPI":"2020-01-08:SBO2_3d3e2002_AHC53D5"},{"macAddress":"3C:71:BF:9A:4E:E4","productionDate":"2020-01-08T08:43:17.548Z","certificateInfo":null,"HPI":"2020-01-08:SBO2_3d3e2002_AHC53D5"},{"macAddress":"3C:71:BF:9A:3B:40","productionDate":"2020-01-08T08:43:20.241Z","certificateInfo":null,"HPI":"2020-01-08:SBO2_3d3e2002_AHC53D5"},{"macAddress":"3C:71:BF:9A:2E:0C","productionDate":"2020-01-08T08:43:20.995Z","certificateInfo":null,"HPI":"2020-01-08:SBO2_3d3e2002_AHC53D5"}],[{"macAddress":"3C:71:BF:9A:3E:00","productionDate":"2020-01-08T08:43:12.020Z","certificateInfo":null,"HPI":"2020-01-08:SBO2_3d3e2002_AHC53D5"},{"macAddress":"3C:71:BF:9A:48:50","productionDate":"2020-01-08T08:43:16.075Z","certificateInfo":null,"HPI":"2020-01-08:SBO2_3d3e2002_AHC53D5"},{"macAddress":"3C:71:BF:9A:2E:70","productionDate":"2020-01-08T08:43:16.531Z","certificateInfo":null,"HPI":"2020-01-08:SBO2_3d3e2002_AHC53D5"},{"macAddress":"3C:71:BF:9A:3B:40","productionDate":"2020-01-08T08:43:20.241Z","certificateInfo":null,"HPI":"2020-01-08:SBO2_3d3e2002_AHC53D5"},{"macAddress":"3C:71:BF:9A:2E:0C","productionDate":"2020-01-08T08:43:20.995Z","certificateInfo":null,"HPI":"2020-01-08:SBO2_3d3e2002_AHC53D5"}],[{"macAddress":"3C:71:BF:9A:3E:00","productionDate":"2020-01-08T08:43:12.020Z","certificateInfo":null,"HPI":"2020-01-08:SBO2_3d3e2002_AHC53D5"},{"macAddress":"3C:71:BF:9A:48:50","productionDate":"2020-01-08T08:43:16.075Z","certificateInfo":null,"HPI":"2020-01-08:SBO2_3d3e2002_AHC53D5"},{"macAddress":"3C:71:BF:9A:2E:70","productionDate":"2020-01-08T08:43:16.531Z","certificateInfo":null,"HPI":"2020-01-08:SBO2_3d3e2002_AHC53D5"},{"macAddress":"3C:71:BF:9A:4E:E4","productionDate":"2020-01-08T08:43:17.548Z","certificateInfo":null,"HPI":"2020-01-08:SBO2_3d3e2002_AHC53D5"},{"macAddress":"3C:71:BF:9A:2E:0C","productionDate":"2020-01-08T08:43:20.995Z","certificateInfo":null,"HPI":"2020-01-08:SBO2_3d3e2002_AHC53D5"}],[{"macAddress":"3C:71:BF:9A:3E:00","productionDate":"2020-01-08T08:43:12.020Z","certificateInfo":null,"HPI":"2020-01-08:SBO2_3d3e2002_AHC53D5"},{"macAddress":"3C:71:BF:9A:48:50","productionDate":"2020-01-08T08:43:16.075Z","certificateInfo":null,"HPI":"2020-01-08:SBO2_3d3e2002_AHC53D5"},{"macAddress":"3C:71:BF:9A:2E:70","productionDate":"2020-01-08T08:43:16.531Z","certificateInfo":null,"HPI":"2020-01-08:SBO2_3d3e2002_AHC53D5"},{"macAddress":"3C:71:BF:9A:4E:E4","productionDate":"2020-01-08T08:43:17.548Z","certificateInfo":null,"HPI":"2020-01-08:SBO2_3d3e2002_AHC53D5"},{"macAddress":"3C:71:BF:9A:3B:40","productionDate":"2020-01-08T08:43:20.241Z","certificateInfo":null,"HPI":"2020-01-08:SBO2_3d3e2002_AHC53D5"}],[{"macAddress":"3C:71:BF:9A:4E:60","productionDate":"2020-01-09T03:21:10.039Z","certificateInfo":null,"HPI":"2020-01-09:SBO2_3d3e2002_AFVWF4R"},{"macAddress":"3C:71:BF:9A:3D:30","productionDate":"2020-01-09T03:21:19.596Z","certificateInfo":null,"HPI":"2020-01-09:SBO2_3d3e2002_AFVWF4R"},{"macAddress":"3C:71:BF:9A:3C:28","productionDate":"2020-01-09T03:21:21.547Z","certificateInfo":null,"HPI":"2020-01-09:SBO2_3d3e2002_AFVWF4R"}],[{"macAddress":"3C:71:BF:9A:3B:00","productionDate":"2020-01-09T03:21:07.867Z","certificateInfo":null,"HPI":"2020-01-09:SBO2_3d3e2002_AFVWF4R"},{"macAddress":"3C:71:BF:9A:3D:30","productionDate":"2020-01-09T03:21:19.596Z","certificateInfo":null,"HPI":"2020-01-09:SBO2_3d3e2002_AFVWF4R"},{"macAddress":"3C:71:BF:9A:3C:28","productionDate":"2020-01-09T03:21:21.547Z","certificateInfo":null,"HPI":"2020-01-09:SBO2_3d3e2002_AFVWF4R"}],[{"macAddress":"3C:71:BF:9A:3B:1C","productionDate":"2020-01-09T03:21:17.849Z","certificateInfo":null,"HPI":"2020-01-09:SBO2_3d3e2002_AGX62AA"}],[{"macAddress":"3C:71:BF:9A:4E:00","productionDate":"2020-01-09T03:21:17.125Z","certificateInfo":null,"HPI":"2020-01-09:SBO2_3d3e2002_AGX62AA"}],[{"macAddress":"3C:71:BF:9A:3B:00","productionDate":"2020-01-09T03:21:07.867Z","certificateInfo":null,"HPI":"2020-01-09:SBO2_3d3e2002_AFVWF4R"},{"macAddress":"3C:71:BF:9A:4E:60","productionDate":"2020-01-09T03:21:10.039Z","certificateInfo":null,"HPI":"2020-01-09:SBO2_3d3e2002_AFVWF4R"},{"macAddress":"3C:71:BF:9A:3C:28","productionDate":"2020-01-09T03:21:21.547Z","certificateInfo":null,"HPI":"2020-01-09:SBO2_3d3e2002_AFVWF4R"}],[{"macAddress":"3C:71:BF:9A:3B:00","productionDate":"2020-01-09T03:21:07.867Z","certificateInfo":null,"HPI":"2020-01-09:SBO2_3d3e2002_AFVWF4R"},{"macAddress":"3C:71:BF:9A:4E:60","productionDate":"2020-01-09T03:21:10.039Z","certificateInfo":null,"HPI":"2020-01-09:SBO2_3d3e2002_AFVWF4R"},{"macAddress":"3C:71:BF:9A:3D:30","productionDate":"2020-01-09T03:21:19.596Z","certificateInfo":null,"HPI":"2020-01-09:SBO2_3d3e2002_AFVWF4R"}],[{"macAddress":"3C:71:BF:9A:3D:D0","productionDate":"2020-01-09T03:26:33.559Z","certificateInfo":null,"HPI":"2020-01-09:SBO2_3d3e2002_A2U4MG4"},{"macAddress":"3C:71:BF:9A:3D:F8","productionDate":"2020-01-09T03:26:34.541Z","certificateInfo":null,"HPI":"2020-01-09:SBO2_3d3e2002_A2U4MG4"},{"macAddress":"3C:71:BF:9A:48:B4","productionDate":"2020-01-09T03:26:39.175Z","certificateInfo":null,"HPI":"2020-01-09:SBO2_3d3e2002_A2U4MG4"},{"macAddress":"3C:71:BF:9A:2E:24","productionDate":"2020-01-09T03:26:40.252Z","certificateInfo":null,"HPI":"2020-01-09:SBO2_3d3e2002_A2U4MG4"},{"macAddress":"3C:71:BF:9A:2E:44","productionDate":"2020-01-09T03:26:42.571Z","certificateInfo":null,"HPI":"2020-01-09:SBO2_3d3e2002_A2U4MG4"}],[{"macAddress":"3C:71:BF:9A:48:74","productionDate":"2020-01-09T03:26:32.094Z","certificateInfo":null,"HPI":"2020-01-09:SBO2_3d3e2002_A2U4MG4"},{"macAddress":"3C:71:BF:9A:3D:F8","productionDate":"2020-01-09T03:26:34.541Z","certificateInfo":null,"HPI":"2020-01-09:SBO2_3d3e2002_A2U4MG4"},{"macAddress":"3C:71:BF:9A:48:B4","productionDate":"2020-01-09T03:26:39.175Z","certificateInfo":null,"HPI":"2020-01-09:SBO2_3d3e2002_A2U4MG4"},{"macAddress":"3C:71:BF:9A:2E:24","productionDate":"2020-01-09T03:26:40.252Z","certificateInfo":null,"HPI":"2020-01-09:SBO2_3d3e2002_A2U4MG4"},{"macAddress":"3C:71:BF:9A:2E:44","productionDate":"2020-01-09T03:26:42.571Z","certificateInfo":null,"HPI":"2020-01-09:SBO2_3d3e2002_A2U4MG4"}],[{"macAddress":"3C:71:BF:9A:48:74","productionDate":"2020-01-09T03:26:32.094Z","certificateInfo":null,"HPI":"2020-01-09:SBO2_3d3e2002_A2U4MG4"},{"macAddress":"3C:71:BF:9A:3D:D0","productionDate":"2020-01-09T03:26:33.559Z","certificateInfo":null,"HPI":"2020-01-09:SBO2_3d3e2002_A2U4MG4"},{"macAddress":"3C:71:BF:9A:48:B4","productionDate":"2020-01-09T03:26:39.175Z","certificateInfo":null,"HPI":"2020-01-09:SBO2_3d3e2002_A2U4MG4"},{"macAddress":"3C:71:BF:9A:2E:24","productionDate":"2020-01-09T03:26:40.252Z","certificateInfo":null,"HPI":"2020-01-09:SBO2_3d3e2002_A2U4MG4"},{"macAddress":"3C:71:BF:9A:2E:44","productionDate":"2020-01-09T03:26:42.571Z","certificateInfo":null,"HPI":"2020-01-09:SBO2_3d3e2002_A2U4MG4"}],[{"macAddress":"3C:71:BF:9A:48:74","productionDate":"2020-01-09T03:26:32.094Z","certificateInfo":null,"HPI":"2020-01-09:SBO2_3d3e2002_A2U4MG4"},{"macAddress":"3C:71:BF:9A:3D:D0","productionDate":"2020-01-09T03:26:33.559Z","certificateInfo":null,"HPI":"2020-01-09:SBO2_3d3e2002_A2U4MG4"},{"macAddress":"3C:71:BF:9A:3D:F8","productionDate":"2020-01-09T03:26:34.541Z","certificateInfo":null,"HPI":"2020-01-09:SBO2_3d3e2002_A2U4MG4"},{"macAddress":"3C:71:BF:9A:2E:24","productionDate":"2020-01-09T03:26:40.252Z","certificateInfo":null,"HPI":"2020-01-09:SBO2_3d3e2002_A2U4MG4"},{"macAddress":"3C:71:BF:9A:2E:44","productionDate":"2020-01-09T03:26:42.571Z","certificateInfo":null,"HPI":"2020-01-09:SBO2_3d3e2002_A2U4MG4"}],[{"macAddress":"3C:71:BF:9A:48:74","productionDate":"2020-01-09T03:26:32.094Z","certificateInfo":null,"HPI":"2020-01-09:SBO2_3d3e2002_A2U4MG4"},{"macAddress":"3C:71:BF:9A:3D:D0","productionDate":"2020-01-09T03:26:33.559Z","certificateInfo":null,"HPI":"2020-01-09:SBO2_3d3e2002_A2U4MG4"},{"macAddress":"3C:71:BF:9A:3D:F8","productionDate":"2020-01-09T03:26:34.541Z","certificateInfo":null,"HPI":"2020-01-09:SBO2_3d3e2002_A2U4MG4"},{"macAddress":"3C:71:BF:9A:48:B4","productionDate":"2020-01-09T03:26:39.175Z","certificateInfo":null,"HPI":"2020-01-09:SBO2_3d3e2002_A2U4MG4"},{"macAddress":"3C:71:BF:9A:2E:44","productionDate":"2020-01-09T03:26:42.571Z","certificateInfo":null,"HPI":"2020-01-09:SBO2_3d3e2002_A2U4MG4"}],[{"macAddress":"3C:71:BF:9A:48:74","productionDate":"2020-01-09T03:26:32.094Z","certificateInfo":null,"HPI":"2020-01-09:SBO2_3d3e2002_A2U4MG4"},{"macAddress":"3C:71:BF:9A:3D:D0","productionDate":"2020-01-09T03:26:33.559Z","certificateInfo":null,"HPI":"2020-01-09:SBO2_3d3e2002_A2U4MG4"},{"macAddress":"3C:71:BF:9A:3D:F8","productionDate":"2020-01-09T03:26:34.541Z","certificateInfo":null,"HPI":"2020-01-09:SBO2_3d3e2002_A2U4MG4"},{"macAddress":"3C:71:BF:9A:48:B4","productionDate":"2020-01-09T03:26:39.175Z","certificateInfo":null,"HPI":"2020-01-09:SBO2_3d3e2002_A2U4MG4"},{"macAddress":"3C:71:BF:9A:2E:24","productionDate":"2020-01-09T03:26:40.252Z","certificateInfo":null,"HPI":"2020-01-09:SBO2_3d3e2002_A2U4MG4"}],[{"macAddress":"3C:71:BF:9A:3C:70","productionDate":"2020-01-09T03:31:46.371Z","certificateInfo":null,"HPI":"2020-01-09:SBO2_3d3e2002_ADVPEFU"},{"macAddress":"3C:71:BF:9A:3D:84","productionDate":"2020-01-09T03:31:49.719Z","certificateInfo":null,"HPI":"2020-01-09:SBO2_3d3e2002_ADVPEFU"},{"macAddress":"3C:71:BF:9A:4E:40","productionDate":"2020-01-09T03:31:49.812Z","certificateInfo":null,"HPI":"2020-01-09:SBO2_3d3e2002_ADVPEFU"},{"macAddress":"3C:71:BF:9A:4E:EC","productionDate":"2020-01-09T03:31:51.345Z","certificateInfo":null,"HPI":"2020-01-09:SBO2_3d3e2002_ADVPEFU"},{"macAddress":"3C:71:BF:9A:3C:10","productionDate":"2020-01-09T03:31:52.456Z","certificateInfo":null,"HPI":"2020-01-09:SBO2_3d3e2002_ADVPEFU"},{"macAddress":"3C:71:BF:9A:3A:FC","productionDate":"2020-01-09T03:31:56.756Z","certificateInfo":null,"HPI":"2020-01-09:SBO2_3d3e2002_ADVPEFU"}],[{"macAddress":"3C:71:BF:9A:3B:24","productionDate":"2020-01-09T03:29:32.432Z","certificateInfo":null,"HPI":"2020-01-09:SBO2_3d3e2002_ADVPEFU"},{"macAddress":"3C:71:BF:9A:3D:84","productionDate":"2020-01-09T03:31:49.719Z","certificateInfo":null,"HPI":"2020-01-09:SBO2_3d3e2002_ADVPEFU"},{"macAddress":"3C:71:BF:9A:4E:40","productionDate":"2020-01-09T03:31:49.812Z","certificateInfo":null,"HPI":"2020-01-09:SBO2_3d3e2002_ADVPEFU"},{"macAddress":"3C:71:BF:9A:4E:EC","productionDate":"2020-01-09T03:31:51.345Z","certificateInfo":null,"HPI":"2020-01-09:SBO2_3d3e2002_ADVPEFU"},{"macAddress":"3C:71:BF:9A:3C:10","productionDate":"2020-01-09T03:31:52.456Z","certificateInfo":null,"HPI":"2020-01-09:SBO2_3d3e2002_ADVPEFU"},{"macAddress":"3C:71:BF:9A:3A:FC","productionDate":"2020-01-09T03:31:56.756Z","certificateInfo":null,"HPI":"2020-01-09:SBO2_3d3e2002_ADVPEFU"}],[{"macAddress":"3C:71:BF:9A:3B:24","productionDate":"2020-01-09T03:29:32.432Z","certificateInfo":null,"HPI":"2020-01-09:SBO2_3d3e2002_ADVPEFU"},{"macAddress":"3C:71:BF:9A:3C:70","productionDate":"2020-01-09T03:31:46.371Z","certificateInfo":null,"HPI":"2020-01-09:SBO2_3d3e2002_ADVPEFU"},{"macAddress":"3C:71:BF:9A:4E:40","productionDate":"2020-01-09T03:31:49.812Z","certificateInfo":null,"HPI":"2020-01-09:SBO2_3d3e2002_ADVPEFU"},{"macAddress":"3C:71:BF:9A:4E:EC","productionDate":"2020-01-09T03:31:51.345Z","certificateInfo":null,"HPI":"2020-01-09:SBO2_3d3e2002_ADVPEFU"},{"macAddress":"3C:71:BF:9A:3C:10","productionDate":"2020-01-09T03:31:52.456Z","certificateInfo":null,"HPI":"2020-01-09:SBO2_3d3e2002_ADVPEFU"},{"macAddress":"3C:71:BF:9A:3A:FC","productionDate":"2020-01-09T03:31:56.756Z","certificateInfo":null,"HPI":"2020-01-09:SBO2_3d3e2002_ADVPEFU"}],[{"macAddress":"3C:71:BF:9A:3B:24","productionDate":"2020-01-09T03:29:32.432Z","certificateInfo":null,"HPI":"2020-01-09:SBO2_3d3e2002_ADVPEFU"},{"macAddress":"3C:71:BF:9A:3C:70","productionDate":"2020-01-09T03:31:46.371Z","certificateInfo":null,"HPI":"2020-01-09:SBO2_3d3e2002_ADVPEFU"},{"macAddress":"3C:71:BF:9A:3D:84","productionDate":"2020-01-09T03:31:49.719Z","certificateInfo":null,"HPI":"2020-01-09:SBO2_3d3e2002_ADVPEFU"},{"macAddress":"3C:71:BF:9A:4E:EC","productionDate":"2020-01-09T03:31:51.345Z","certificateInfo":null,"HPI":"2020-01-09:SBO2_3d3e2002_ADVPEFU"},{"macAddress":"3C:71:BF:9A:3C:10","productionDate":"2020-01-09T03:31:52.456Z","certificateInfo":null,"HPI":"2020-01-09:SBO2_3d3e2002_ADVPEFU"},{"macAddress":"3C:71:BF:9A:3A:FC","productionDate":"2020-01-09T03:31:56.756Z","certificateInfo":null,"HPI":"2020-01-09:SBO2_3d3e2002_ADVPEFU"}],[{"macAddress":"3C:71:BF:9A:3B:24","productionDate":"2020-01-09T03:29:32.432Z","certificateInfo":null,"HPI":"2020-01-09:SBO2_3d3e2002_ADVPEFU"},{"macAddress":"3C:71:BF:9A:3C:70","productionDate":"2020-01-09T03:31:46.371Z","certificateInfo":null,"HPI":"2020-01-09:SBO2_3d3e2002_ADVPEFU"},{"macAddress":"3C:71:BF:9A:3D:84","productionDate":"2020-01-09T03:31:49.719Z","certificateInfo":null,"HPI":"2020-01-09:SBO2_3d3e2002_ADVPEFU"},{"macAddress":"3C:71:BF:9A:4E:40","productionDate":"2020-01-09T03:31:49.812Z","certificateInfo":null,"HPI":"2020-01-09:SBO2_3d3e2002_ADVPEFU"},{"macAddress":"3C:71:BF:9A:3C:10","productionDate":"2020-01-09T03:31:52.456Z","certificateInfo":null,"HPI":"2020-01-09:SBO2_3d3e2002_ADVPEFU"},{"macAddress":"3C:71:BF:9A:3A:FC","productionDate":"2020-01-09T03:31:56.756Z","certificateInfo":null,"HPI":"2020-01-09:SBO2_3d3e2002_ADVPEFU"}],[{"macAddress":"3C:71:BF:9A:3B:24","productionDate":"2020-01-09T03:29:32.432Z","certificateInfo":null,"HPI":"2020-01-09:SBO2_3d3e2002_ADVPEFU"},{"macAddress":"3C:71:BF:9A:3C:70","productionDate":"2020-01-09T03:31:46.371Z","certificateInfo":null,"HPI":"2020-01-09:SBO2_3d3e2002_ADVPEFU"},{"macAddress":"3C:71:BF:9A:3D:84","productionDate":"2020-01-09T03:31:49.719Z","certificateInfo":null,"HPI":"2020-01-09:SBO2_3d3e2002_ADVPEFU"},{"macAddress":"3C:71:BF:9A:4E:40","productionDate":"2020-01-09T03:31:49.812Z","certificateInfo":null,"HPI":"2020-01-09:SBO2_3d3e2002_ADVPEFU"},{"macAddress":"3C:71:BF:9A:4E:EC","productionDate":"2020-01-09T03:31:51.345Z","certificateInfo":null,"HPI":"2020-01-09:SBO2_3d3e2002_ADVPEFU"},{"macAddress":"3C:71:BF:9A:3A:FC","productionDate":"2020-01-09T03:31:56.756Z","certificateInfo":null,"HPI":"2020-01-09:SBO2_3d3e2002_ADVPEFU"}],[{"macAddress":"3C:71:BF:9A:3B:24","productionDate":"2020-01-09T03:29:32.432Z","certificateInfo":null,"HPI":"2020-01-09:SBO2_3d3e2002_ADVPEFU"},{"macAddress":"3C:71:BF:9A:3C:70","productionDate":"2020-01-09T03:31:46.371Z","certificateInfo":null,"HPI":"2020-01-09:SBO2_3d3e2002_ADVPEFU"},{"macAddress":"3C:71:BF:9A:3D:84","productionDate":"2020-01-09T03:31:49.719Z","certificateInfo":null,"HPI":"2020-01-09:SBO2_3d3e2002_ADVPEFU"},{"macAddress":"3C:71:BF:9A:4E:40","productionDate":"2020-01-09T03:31:49.812Z","certificateInfo":null,"HPI":"2020-01-09:SBO2_3d3e2002_ADVPEFU"},{"macAddress":"3C:71:BF:9A:4E:EC","productionDate":"2020-01-09T03:31:51.345Z","certificateInfo":null,"HPI":"2020-01-09:SBO2_3d3e2002_ADVPEFU"},{"macAddress":"3C:71:BF:9A:3C:10","productionDate":"2020-01-09T03:31:52.456Z","certificateInfo":null,"HPI":"2020-01-09:SBO2_3d3e2002_ADVPEFU"}]]